[
  {"symbol":"AAPL","name":"Apple Inc.","sector":"Information Technology"},
  {"symbol":"MSFT","name":"Microsoft Corporation","sector":"Information Technology"},
  {"symbol":"NVDA","name":"NVIDIA Corporation","sector":"Information Technology"},
  {"symbol":"AMZN","name":"Amazon.com Inc.","sector":"Consumer Discretionary"},
  {"symbol":"META","name":"Meta Platforms Inc.","sector":"Communication Services"},
  {"symbol":"GOOGL","name":"Alphabet Inc. Class A","sector":"Communication Services"},
  {"symbol":"GOOG","name":"Alphabet Inc. Class C","sector":"Communication Services"},
  {"symbol":"BRK.B","name":"Berkshire Hathaway Inc. Class B","sector":"Financials"},
  {"symbol":"LLY","name":"Eli Lilly and Company","sector":"Health Care"},
  {"symbol":"AVGO","name":"Broadcom Inc.","sector":"Information Technology"},
  {"symbol":"JPM","name":"JPMorgan Chase & Co.","sector":"Financials"},
  {"symbol":"TSLA","name":"Tesla Inc.","sector":"Consumer Discretionary"},
  {"symbol":"UNH","name":"UnitedHealth Group Incorporated","sector":"Health Care"},
  {"symbol":"XOM","name":"Exxon Mobil Corporation","sector":"Energy"},
  {"symbol":"V","name":"Visa Inc.","sector":"Financials"},
  {"symbol":"PG","name":"Procter & Gamble Company","sector":"Consumer Staples"},
  {"symbol":"MA","name":"Mastercard Incorporated","sector":"Financials"},
  {"symbol":"JNJ","name":"Johnson & Johnson","sector":"Health Care"},
  {"symbol":"HD","name":"Home Depot Inc.","sector":"Consumer Discretionary"},
  {"symbol":"COST","name":"Costco Wholesale Corporation","sector":"Consumer Staples"},
  {"symbol":"MRK","name":"Merck & Co. Inc.","sector":"Health Care"},
  {"symbol":"ABBV","name":"AbbVie Inc.","sector":"Health Care"},
  {"symbol":"CRM","name":"Salesforce Inc.","sector":"Information Technology"},
  {"symbol":"BAC","name":"Bank of America Corporation","sector":"Financials"},
  {"symbol":"CVX","name":"Chevron Corporation","sector":"Energy"},
  {"symbol":"NFLX","name":"Netflix Inc.","sector":"Communication Services"},
  {"symbol":"AMD","name":"Advanced Micro Devices Inc.","sector":"Information Technology"},
  {"symbol":"PEP","name":"PepsiCo Inc.","sector":"Consumer Staples"},
  {"symbol":"KO","name":"Coca-Cola Company","sector":"Consumer Staples"},
  {"symbol":"WMT","name":"Walmart Inc.","sector":"Consumer Staples"},
  {"symbol":"TMO","name":"Thermo Fisher Scientific Inc.","sector":"Health Care"},
  {"symbol":"LIN","name":"Linde plc","sector":"Materials"},
  {"symbol":"ACN","name":"Accenture plc","sector":"Information Technology"},
  {"symbol":"MCD","name":"McDonald's Corporation","sector":"Consumer Discretionary"},
  {"symbol":"DIS","name":"Walt Disney Company","sector":"Communication Services"},
  {"symbol":"CSCO","name":"Cisco Systems Inc.","sector":"Information Technology"},
  {"symbol":"ABT","name":"Abbott Laboratories","sector":"Health Care"},
  {"symbol":"INTC","name":"Intel Corporation","sector":"Information Technology"},
  {"symbol":"VZ","name":"Verizon Communications Inc.","sector":"Communication Services"},
  {"symbol":"CMCSA","name":"Comcast Corporation","sector":"Communication Services"},
  {"symbol":"INTU","name":"Intuit Inc.","sector":"Information Technology"},
  {"symbol":"QCOM","name":"Qualcomm Incorporated","sector":"Information Technology"},
  {"symbol":"TXN","name":"Texas Instruments Incorporated","sector":"Information Technology"},
  {"symbol":"NKE","name":"NIKE Inc.","sector":"Consumer Discretionary"},
  {"symbol":"UNP","name":"Union Pacific Corporation","sector":"Industrials"},
  {"symbol":"PM","name":"Philip Morris International Inc.","sector":"Consumer Staples"},
  {"symbol":"IBM","name":"International Business Machines","sector":"Information Technology"},
  {"symbol":"GE","name":"General Electric Company","sector":"Industrials"},
  {"symbol":"AMGN","name":"Amgen Inc.","sector":"Health Care"},
  {"symbol":"HON","name":"Honeywell International Inc.","sector":"Industrials"},
  {"symbol":"SPY","name":"SPDR S&P 500 ETF Trust","sector":"Financials"}
]
