{
  "version": "v101.0",
  "manifest": [
    { "file": "services/marketDataService.ts", "signature": "getStockPrice", "min_lines": 50 },
    { "file": "services/fmpService.ts", "signature": "fetch", "min_lines": 100 },
    { "file": "services/gammaExposureService.ts", "signature": "analyze", "min_lines": 50 },
    { "file": "services/tiingoService.ts", "signature": "getPrice", "min_lines": 30 },
    { "file": "services/yahooFinanceService.ts", "signature": "getPrice", "min_lines": 20 },
    { "file": "services/newsAggregatorService.ts", "signature": "getAllNews", "min_lines": 50 },
    { "file": "services/redditService.ts", "signature": "getWallStreetBetsHot", "min_lines": 50 },
    { "file": "services/secEdgarService.ts", "signature": "getRecentInsiderTrades", "min_lines": 40 },
    { "file": "services/politicalIntelligenceService.ts", "signature": "getCongressionalTrades", "min_lines": 50 },
    { "file": "services/macroLiquidityService.ts", "signature": "getLiquidityState", "min_lines": 40 },
    { "file": "services/catalystHunterService.ts", "signature": "validateTicker", "min_lines": 50 },
    { "file": "services/titanHunterService.ts", "signature": "hunt", "min_lines": 30 },
    { "file": "services/insiderPatternService.ts", "signature": "analyzePattern", "min_lines": 50 },
    { "file": "services/marketEchoService.ts", "signature": "detectEchoes", "min_lines": 40 },
    { "file": "services/narrativeDriftService.ts", "signature": "measureDrift", "min_lines": 40 },
    { "file": "services/alphaReplayService.ts", "signature": "simulateReplay", "min_lines": 30 },
    { "file": "services/financialClockService.ts", "signature": "getClockState", "min_lines": 30 },
    { "file": "services/macroRegimeService.ts", "signature": "getRegime", "min_lines": 30 },
    { "file": "services/recessionPredictorService.ts", "signature": "predictRecessionRisk", "min_lines": 40 },
    { "file": "services/globalDivergenceService.ts", "signature": "analyzeGlobalState", "min_lines": 40 },
    { "file": "services/supplyChainShockMapper.ts", "signature": "mapImpact", "min_lines": 40 },
    { "file": "services/crossSignalConsensusEngine.ts", "signature": "calculateScore", "min_lines": 50 },
    { "file": "services/comprehensiveDataEngine.ts", "signature": "runComprehensiveCollection", "min_lines": 200 },
    { "file": "services/tribunalService.ts", "signature": "conductTrial", "min_lines": 50 },
    { "file": "services/neuralChatService.ts", "signature": "generateResponse", "min_lines": 50 },
    { "file": "services/tradeManagementService.ts", "signature": "reviewPositions", "min_lines": 50 },
    { "file": "services/paperTradingService.ts", "signature": "executeTrade", "min_lines": 100 },
    { "file": "services/portfolioManagerService.ts", "signature": "calculateAllocation", "min_lines": 40 },
    { "file": "services/corporateQualityService.ts", "signature": "analyzeHealth", "min_lines": 50 },
    { "file": "services/confidenceLedgerService.ts", "signature": "adjustConfidence", "min_lines": 40 },
    { "file": "services/schemaHarmonizerService.ts", "signature": "syncSchema", "min_lines": 30 },
    { "file": "services/lazarusService.ts", "signature": "fetchOrResurrect", "min_lines": 40 },
    { "file": "services/sourceGuardService.ts", "signature": "runHealthCheck", "min_lines": 30 },
    { "file": "services/earningsMomentumService.ts", "signature": "scanForMomentumPlays", "min_lines": 30 },
    { "file": "services/institutionalFlowService.ts", "signature": "scanFlows", "min_lines": 30 },
    { "file": "services/etfShadowService.ts", "signature": "scanRebalancingRisks", "min_lines": 30 },
    { "file": "services/sectorStressService.ts", "signature": "analyzeSectors", "min_lines": 40 },
    { "file": "services/optionsRadarService.ts", "signature": "scanFlows", "min_lines": 50 },
    { "file": "services/darkPoolService.ts", "signature": "scanDarkPools", "min_lines": 40 },
    { "file": "services/microstructureService.ts", "signature": "scan", "min_lines": 40 },
    { "file": "services/shortTrapService.ts", "signature": "analyze", "min_lines": 30 },
    { "file": "services/liquidityTrapService.ts", "signature": "screen", "min_lines": 30 },
    { "file": "services/reverseArbitrageService.ts", "signature": "scanOpportunities", "min_lines": 40 },
    { "file": "services/cryptoStockCorrelationService.ts", "signature": "getCorrelationStatus", "min_lines": 40 },
    { "file": "services/reverseCorrelationService.ts", "signature": "analyzeSpillover", "min_lines": 40 },
    { "file": "services/narrativeSentimentService.ts", "signature": "analyze", "min_lines": 40 },
    { "file": "services/metaAnalystService.ts", "signature": "auditTheses", "min_lines": 40 },
    { "file": "services/consensusEngine.ts", "signature": "validate", "min_lines": 40 },
    { "file": "services/riskValidatorService.ts", "signature": "validateTicker", "min_lines": 40 },
    { "file": "services/crisisAmplifierService.ts", "signature": "evaluateSignal", "min_lines": 40 },
    { "file": "services/confidenceAdjustmentService.ts", "signature": "getAdaptiveThresholds", "min_lines": 30 },
    { "file": "services/volatilityNormalizerService.ts", "signature": "normalize", "min_lines": 30 },
    { "file": "services/outlierDetectionService.ts", "signature": "detect", "min_lines": 30 },
    { "file": "services/stressTestService.ts", "signature": "runScenarios", "min_lines": 40 },
    { "file": "services/beneficiaryRouterService.ts", "signature": "mapOpportunities", "min_lines": 40 },
    { "file": "services/chainReactionService.ts", "signature": "detectChains", "min_lines": 40 },
    { "file": "services/earningsWhisperService.ts", "signature": "analyze", "min_lines": 30 },
    { "file": "services/analystDivergenceService.ts", "signature": "analyze", "min_lines": 30 },
    { "file": "services/revisionVelocityService.ts", "signature": "analyzeVelocity", "min_lines": 40 },
    { "file": "services/momentumService.ts", "signature": "analyzeMomentum", "min_lines": 40 },
    { "file": "services/ivNavigatorService.ts", "signature": "analyzeIV", "min_lines": 40 },
    { "file": "services/userPortfolioService.ts", "signature": "analyzePortfolio", "min_lines": 50 },
    { "file": "services/signalGeneratorService.ts", "signature": "processDeepBrainRecommendations", "min_lines": 80 },
    { "file": "services/dataVerificationService.ts", "signature": "verifyAllSources", "min_lines": 50 },
    { "file": "services/priceStabilityService.ts", "signature": "analyzeStability", "min_lines": 40 }
  ]
}
